{
  "total_keyframes": 5,
  "total_points": 86068,
  "keyframes": {
    "0": 17047,
    "10": 18128,
    "20": 16636,
    "30": 19247,
    "50": 16946
  },
  "bounds": {
    "x_min": -10.579028917610241,
    "x_max": 3.195068497699553,
    "y_min": 1.2968204160054313,
    "y_max": 2.3471594748583082,
    "z_min": -6.023952945408583,
    "z_max": 8.127972586698752
  }
}