{"cameras": {"0": {"x": 0.0, "y": 0.0, "z": 0.0, "dir_x": 0.0, "dir_y": 0.0, "dir_z": 1.0}, "10": {"x": -0.00026719388116174973, "y": 0.001373332090391379, "z": 0.04200806615214933, "dir_x": -0.009136328947608208, "dir_y": 0.017687839929252144, "dir_z": 0.9998018142672068}, "20": {"x": 0.0035509467692134526, "y": -0.00037156378444371533, "z": 0.05402687352193057, "dir_x": 0.08884521151179715, "dir_y": -0.009419331523086875, "dir_z": 0.9960009059157939}, "30": {"x": 0.001074510282070382, "y": -0.0010351499198259853, "z": 0.0746851783633574, "dir_x": -0.0029424718104443274, "dir_y": -0.006002728362121515, "dir_z": 0.9999776543062626}, "50": {"x": 0.11785971179387782, "y": -0.0006506117625818273, "z": 0.11411530151878625, "dir_x": 0.9112640051091148, "dir_y": -0.0712369713506406, "dir_z": -0.40561460391026816}}, "bounds": {"x_min": -10.579028917610241, "x_max": 3.195068497699553, "y_min": 1.2968204160054313, "y_max": 2.3471594748583082, "z_min": -6.023952945408583, "z_max": 8.127972586698752}, "keyframe_points": {}}